,Name,Roll no,Age,Gender,Address
0,Liam Williams,2804,22,Female,"996 Maple Ave, Chicago"
1,John Smith,1992,24,Male,"719 High St, Houston"
2,Mia Davis,8474,18,Other,"574 Main St, Houston"
3,Elijah Williams,4035,23,Male,"634 Pearl St, Los Angeles"
4,Sophia Brown,2812,24,Female,"242 Pearl St, New York"
5,Isabella Williams,9557,18,Male,"924 Main St, Los Angeles"
6,Noah Davis,2155,21,Male,"733 Maple Ave, Houston"
7,Mia Rodriguez,4105,25,Other,"378 Pearl St, Phoenix"
8,Liam Rodriguez,2911,18,Female,"502 Broadway, Phoenix"
9,Liam Garcia,6011,22,Female,"894 Broadway, New York"
10,Sophia Rodriguez,2480,20,Other,"505 Pearl St, Phoenix"
11,Emma Smith,1188,21,Male,"263 Broadway, New York"
12,Ava Martinez,6646,22,Female,"513 High St, Houston"
13,Elijah Jones,4766,21,Male,"805 Main St, Chicago"
14,John Davis,9277,18,Female,"966 Elm St, Los Angeles"
15,Oliver Jones,1394,19,Female,"919 Elm St, New York"
16,Ava Jones,5927,23,Female,"844 Elm St, Houston"
17,Mia Rodriguez,8072,20,Other,"395 Maple Ave, Los Angeles"
18,Liam Davis,4708,18,Other,"307 Elm St, Los Angeles"
19,Sophia Garcia,7805,18,Other,"558 Maple Ave, New York"
20,Elijah Davis,7838,19,Female,"589 Broadway, Houston"
21,Noah Rodriguez,1015,23,Male,"780 Maple Ave, Phoenix"
22,Mia Martinez,9222,25,Other,"835 High St, New York"
23,Sophia Johnson,3160,23,Male,"138 Main St, Chicago"
24,Liam Garcia,6354,19,Other,"995 High St, Phoenix"
25,Sophia Martinez,2082,24,Female,"979 Broadway, Phoenix"
26,Mia Martinez,2660,23,Male,"793 Main St, Chicago"
27,Sophia Williams,5682,22,Male,"626 Broadway, New York"
28,Ava Garcia,6731,25,Male,"865 Main St, New York"
29,Isabella Garcia,2718,24,Female,"697 Elm St, New York"
30,Elijah Rodriguez,7833,25,Female,"703 Maple Ave, Phoenix"
31,Sophia Martinez,8411,18,Other,"443 Main St, Los Angeles"
32,Sophia Davis,7876,21,Female,"646 Maple Ave, Los Angeles"
33,Noah Johnson,5612,18,Female,"788 Maple Ave, Los Angeles"
34,Elijah Williams,2403,20,Other,"832 Maple Ave, Phoenix"
35,Isabella Rodriguez,7734,22,Female,"805 High St, Phoenix"
36,Liam Brown,4039,24,Female,"887 Main St, Houston"
37,John Davis,4153,22,Female,"205 Main St, Chicago"
38,Elijah Martinez,8082,23,Other,"951 Maple Ave, Houston"
39,Ava Smith,2936,23,Other,"906 High St, Chicago"
40,Noah Johnson,7124,22,Other,"646 Pearl St, New York"
41,Isabella Miller,8397,18,Other,"989 Main St, Houston"
42,Liam Rodriguez,8531,18,Female,"450 Main St, Los Angeles"
43,Mia Brown,9479,21,Other,"657 Elm St, Chicago"
44,Oliver Martinez,8928,19,Male,"609 High St, Chicago"
45,Elijah Williams,1508,23,Male,"201 Pearl St, Phoenix"
46,Liam Miller,3660,22,Male,"565 High St, New York"
47,Oliver Brown,7283,20,Female,"661 High St, New York"
48,Mia Miller,5484,22,Other,"437 Pearl St, New York"
49,Noah Rodriguez,6655,24,Other,"612 Maple Ave, Phoenix"
50,Emma Martinez,2103,22,Male,"393 Pearl St, Phoenix"
51,Mia Jones,2971,21,Female,"752 Broadway, Chicago"
52,Noah Johnson,6449,19,Male,"845 Main St, Chicago"
53,Elijah Rodriguez,9166,24,Male,"235 Pearl St, New York"
54,Ava Rodriguez,3918,21,Other,"237 Pearl St, Chicago"
55,Emma Jones,4329,23,Male,"792 Broadway, New York"
56,Liam Brown,9491,23,Male,"510 Broadway, Houston"
57,Mia Rodriguez,1153,25,Female,"522 Elm St, Chicago"
58,Emma Davis,2161,21,Female,"205 Broadway, Houston"
59,Emma Miller,3083,22,Male,"148 Main St, Phoenix"
60,Emma Smith,2206,25,Male,"531 Pearl St, New York"
61,John Williams,3672,23,Female,"230 Pearl St, Los Angeles"
62,Isabella Smith,7532,25,Female,"623 Main St, New York"
63,Noah Martinez,9257,18,Male,"871 Pearl St, Los Angeles"
64,Oliver Davis,1203,24,Other,"507 Pearl St, Phoenix"
65,Emma Johnson,9446,22,Other,"250 High St, Los Angeles"
66,Mia Williams,7855,23,Male,"263 Pearl St, Chicago"
67,Oliver Miller,9606,22,Female,"181 Elm St, Houston"
68,Isabella Johnson,2968,24,Other,"626 Broadway, Chicago"
69,Noah Rodriguez,7637,18,Female,"824 Maple Ave, Houston"
70,Noah Davis,5229,20,Male,"337 Main St, Chicago"
71,Isabella Rodriguez,4581,18,Male,"672 Broadway, Houston"
72,Oliver Rodriguez,2812,23,Other,"234 Pearl St, Chicago"
73,Mia Rodriguez,1684,22,Other,"194 Broadway, Phoenix"
74,Ava Garcia,8475,23,Male,"584 Broadway, Phoenix"
75,Ava Martinez,1420,22,Female,"881 Maple Ave, Los Angeles"
76,Ava Garcia,9967,24,Other,"466 Elm St, Los Angeles"
77,Noah Rodriguez,1074,25,Male,"131 Elm St, Chicago"
78,Emma Johnson,5690,25,Male,"977 Broadway, Houston"
79,Noah Davis,4202,25,Male,"723 Broadway, New York"
80,Emma Jones,8380,23,Other,"619 Main St, Chicago"
81,Emma Brown,9880,18,Other,"999 Main St, Houston"
82,Elijah Davis,7416,24,Other,"922 Broadway, Chicago"
83,Sophia Garcia,7678,22,Male,"211 Main St, Chicago"
84,Oliver Smith,3408,20,Female,"847 Pearl St, Phoenix"
85,Oliver Jones,4955,20,Other,"271 Maple Ave, Chicago"
86,John Jones,7318,24,Female,"976 High St, Chicago"
87,Oliver Martinez,7357,23,Male,"876 Pearl St, Chicago"
88,John Miller,8589,21,Male,"568 High St, Phoenix"
89,Oliver Davis,8117,22,Female,"525 Main St, Phoenix"
90,Elijah Miller,7735,22,Female,"435 Elm St, Phoenix"
91,Sophia Jones,2200,20,Female,"570 Pearl St, New York"
92,Elijah Garcia,2832,23,Other,"155 Elm St, Los Angeles"
93,Sophia Williams,9827,19,Male,"576 Elm St, Houston"
94,Liam Brown,6051,23,Female,"452 Pearl St, Phoenix"
95,John Johnson,8796,19,Other,"741 Pearl St, Phoenix"
96,Oliver Jones,3712,23,Other,"197 High St, Los Angeles"
97,Sophia Smith,6706,20,Female,"153 Maple Ave, Houston"
98,Ava Martinez,4272,21,Female,"974 Main St, Chicago"
99,Elijah Martinez,5532,24,Male,"518 Pearl St, Phoenix"
100,Noah Garcia,2532,19,Other,"876 High St, New York"
101,Noah Martinez,6131,24,Male,"665 High St, Los Angeles"
102,Liam Miller,4617,20,Male,"944 Main St, Chicago"
103,Mia Williams,2991,19,Female,"284 Maple Ave, Los Angeles"
104,Sophia Miller,5040,18,Other,"100 High St, Phoenix"
105,Liam Johnson,8696,21,Other,"141 Maple Ave, Houston"
106,Emma Rodriguez,2073,20,Other,"130 Main St, New York"
107,Noah Williams,4536,25,Female,"720 Broadway, Chicago"
108,Elijah Smith,5163,25,Other,"548 Maple Ave, New York"
109,Isabella Davis,9789,20,Female,"220 Pearl St, Los Angeles"
110,Oliver Williams,1542,19,Other,"459 Elm St, Phoenix"
111,Liam Garcia,5667,24,Female,"251 Broadway, Houston"
112,Noah Rodriguez,5954,23,Other,"126 Main St, Chicago"
113,Mia Garcia,4401,25,Male,"578 Broadway, Los Angeles"
114,Ava Smith,1230,24,Male,"890 High St, Houston"
115,Oliver Brown,2897,24,Male,"157 Main St, Los Angeles"
116,Noah Brown,2831,20,Female,"417 Broadway, Chicago"
117,Oliver Miller,7838,21,Male,"308 High St, Phoenix"
118,Noah Williams,6486,21,Other,"225 Maple Ave, Los Angeles"
119,Liam Brown,9808,19,Other,"470 Pearl St, Chicago"
120,Sophia Martinez,5679,18,Male,"328 High St, Houston"
121,Ava Martinez,3333,24,Other,"722 Elm St, New York"
122,Liam Smith,4916,20,Other,"544 Main St, Chicago"
123,Liam Martinez,2343,21,Female,"401 High St, Chicago"
124,Noah Davis,2570,20,Female,"288 Main St, New York"
125,Liam Garcia,3599,23,Other,"457 Elm St, Houston"
126,Ava Williams,1355,20,Female,"801 Maple Ave, New York"
127,Oliver Brown,9394,21,Male,"735 Main St, Chicago"
128,Liam Brown,9274,24,Female,"334 High St, Chicago"
129,Liam Brown,7546,25,Male,"965 Pearl St, Houston"
130,Mia Johnson,8296,21,Female,"696 Pearl St, Phoenix"
131,Emma Rodriguez,6469,24,Other,"139 High St, Houston"
132,Isabella Garcia,3068,22,Other,"868 Maple Ave, New York"
133,Mia Williams,1224,19,Male,"262 Broadway, New York"
134,Sophia Williams,7536,23,Female,"247 High St, Chicago"
135,Noah Johnson,3770,18,Female,"587 Elm St, Phoenix"
136,Liam Martinez,9637,21,Female,"962 Pearl St, Houston"
137,John Jones,6106,20,Female,"946 Pearl St, Houston"
138,Sophia Garcia,4396,24,Female,"932 Broadway, Chicago"
139,Elijah Jones,1933,21,Male,"805 Main St, Chicago"
140,Isabella Rodriguez,3236,18,Male,"415 Elm St, Phoenix"
141,Noah Garcia,6795,19,Other,"824 Broadway, Chicago"
142,Elijah Williams,8891,18,Other,"521 Elm St, New York"
143,John Rodriguez,9160,18,Other,"570 Pearl St, Houston"
144,Oliver Miller,3951,24,Female,"133 Main St, Phoenix"
145,Emma Martinez,1653,25,Female,"769 Pearl St, Los Angeles"
146,Oliver Brown,5175,23,Male,"663 Maple Ave, Phoenix"
147,Noah Martinez,9264,18,Other,"551 Main St, Chicago"
148,Emma Garcia,2282,19,Female,"680 Broadway, Los Angeles"
149,Oliver Garcia,1385,19,Other,"233 High St, Houston"
150,Emma Williams,5787,18,Female,"310 High St, New York"
151,John Johnson,8773,20,Female,"929 Elm St, New York"
152,Isabella Smith,5645,19,Male,"610 Broadway, Houston"
153,Mia Davis,7463,20,Male,"624 Main St, Houston"
154,Oliver Williams,6973,24,Female,"586 Pearl St, Houston"
155,Ava Miller,3123,23,Female,"314 Maple Ave, Los Angeles"
156,Sophia Johnson,6258,22,Other,"388 Broadway, Phoenix"
157,Ava Williams,4454,21,Other,"816 High St, New York"
158,Mia Miller,9043,21,Other,"295 Broadway, Houston"
159,Oliver Miller,5512,24,Male,"620 Pearl St, Houston"
160,John Martinez,6347,21,Other,"440 Maple Ave, Phoenix"
161,Elijah Garcia,8241,21,Female,"390 Maple Ave, Los Angeles"
162,Isabella Smith,9580,20,Male,"353 Maple Ave, Houston"
163,Sophia Smith,5834,19,Other,"377 Maple Ave, Phoenix"
164,Elijah Brown,9961,24,Female,"296 Main St, New York"
165,Ava Martinez,7651,20,Female,"798 Elm St, Houston"
166,Oliver Smith,1624,25,Male,"471 Main St, Los Angeles"
167,Sophia Davis,6214,25,Female,"617 Pearl St, Houston"
168,Mia Garcia,8275,25,Female,"739 High St, Phoenix"
169,Sophia Brown,1039,19,Male,"569 Elm St, Houston"
170,Oliver Smith,9104,18,Other,"649 Broadway, Los Angeles"
171,Liam Davis,9889,18,Female,"617 Main St, Phoenix"
172,Liam Martinez,5495,20,Male,"139 Main St, Chicago"
173,Emma Davis,1550,20,Male,"784 Elm St, New York"
174,John Johnson,2697,19,Other,"542 Broadway, Houston"
175,Oliver Garcia,1235,21,Male,"171 Pearl St, New York"
176,Noah Smith,7591,20,Other,"194 Main St, Houston"
177,Mia Martinez,5687,22,Other,"300 Broadway, Houston"
178,Oliver Miller,3241,23,Other,"407 Pearl St, Chicago"
179,Oliver Rodriguez,8772,20,Other,"286 Broadway, Houston"
180,Noah Smith,7584,21,Male,"184 Maple Ave, Los Angeles"
181,Sophia Jones,4189,23,Male,"781 Elm St, Houston"
182,Isabella Rodriguez,8933,25,Other,"258 Broadway, Phoenix"
183,Mia Rodriguez,5564,23,Female,"424 Maple Ave, Phoenix"
184,Noah Garcia,5616,21,Other,"126 Main St, Chicago"
185,Isabella Davis,1802,23,Male,"347 High St, Phoenix"
186,Ava Smith,8971,21,Female,"789 Maple Ave, Chicago"
187,Ava Jones,2047,20,Other,"672 High St, New York"
188,Sophia Brown,1379,22,Other,"492 High St, Los Angeles"
189,John Williams,1753,19,Male,"689 Main St, Houston"
190,Mia Brown,4382,25,Female,"487 High St, Los Angeles"
191,Liam Johnson,1713,25,Female,"720 Elm St, Chicago"
192,Ava Smith,8046,20,Other,"202 Broadway, Houston"
193,Noah Garcia,9838,20,Other,"840 Elm St, Phoenix"
194,Ava Martinez,9593,20,Female,"646 Elm St, Phoenix"
195,John Garcia,9292,23,Other,"105 High St, Los Angeles"
196,John Martinez,9149,18,Male,"994 Maple Ave, Chicago"
197,Isabella Garcia,7268,24,Male,"988 Elm St, Houston"
198,Mia Garcia,3933,20,Other,"870 Maple Ave, Los Angeles"
199,John Johnson,6202,24,Male,"821 Maple Ave, New York"
200,Oliver Miller,4026,25,Other,"834 Maple Ave, Houston"
201,Elijah Brown,1282,22,Male,"686 Maple Ave, Phoenix"
202,Mia Davis,3908,18,Other,"364 Broadway, Houston"
203,Sophia Jones,6263,20,Other,"527 Pearl St, Chicago"
204,Emma Williams,9748,24,Other,"473 High St, Houston"
205,Noah Smith,7541,20,Other,"258 Broadway, New York"
206,Sophia Garcia,9888,20,Female,"646 Elm St, Phoenix"
207,Sophia Brown,6336,21,Male,"847 High St, New York"
208,Ava Garcia,3663,25,Male,"957 Maple Ave, New York"
209,Isabella Martinez,1820,23,Male,"410 Elm St, Los Angeles"
210,Emma Smith,5160,22,Other,"439 Main St, Houston"
211,Emma Miller,8478,18,Male,"702 Elm St, Chicago"
212,Mia Rodriguez,7444,22,Male,"977 High St, Phoenix"
213,Ava Miller,2391,23,Male,"899 Broadway, Los Angeles"
214,Oliver Brown,5601,23,Other,"739 Elm St, Houston"
215,Sophia Garcia,8887,20,Female,"864 Main St, Houston"
216,Isabella Smith,7082,22,Male,"528 Maple Ave, Phoenix"
217,Liam Garcia,3490,23,Female,"200 Maple Ave, New York"
218,Oliver Miller,3461,19,Male,"523 Main St, Phoenix"
219,Sophia Smith,7499,20,Male,"918 High St, Chicago"
220,John Williams,8174,18,Male,"209 Broadway, New York"
221,Emma Garcia,9702,21,Other,"118 Maple Ave, New York"
222,Noah Miller,2080,21,Other,"529 Broadway, Phoenix"
223,Mia Rodriguez,1136,22,Other,"811 High St, New York"
224,John Smith,7236,24,Other,"502 Broadway, New York"
225,John Brown,1159,23,Female,"193 Maple Ave, New York"
226,Noah Smith,3555,20,Other,"847 High St, Los Angeles"
227,Sophia Jones,5027,20,Female,"296 High St, Los Angeles"
228,Ava Johnson,4321,20,Other,"674 Pearl St, New York"
229,John Davis,1722,25,Female,"261 High St, Los Angeles"
230,Emma Jones,3150,24,Female,"585 Broadway, Los Angeles"
231,Sophia Smith,3126,24,Other,"970 Elm St, New York"
232,John Johnson,8919,19,Male,"687 Maple Ave, Phoenix"
233,Elijah Johnson,8198,18,Other,"302 Pearl St, Los Angeles"
234,Liam Smith,1548,23,Female,"585 High St, New York"
235,Ava Miller,8858,25,Other,"478 Main St, Chicago"
236,Isabella Davis,4120,25,Male,"856 High St, Houston"
237,Ava Martinez,8750,19,Other,"233 Pearl St, Chicago"
238,John Johnson,5268,21,Female,"479 Main St, Phoenix"
239,Emma Smith,8129,18,Male,"553 Main St, Phoenix"
240,Elijah Smith,7330,25,Male,"951 High St, Houston"
241,Liam Martinez,1981,21,Other,"527 Elm St, Chicago"
242,Elijah Miller,2430,25,Female,"428 Elm St, Los Angeles"
243,Emma Miller,8027,18,Other,"516 Main St, Los Angeles"
244,Liam Garcia,3102,21,Male,"992 Pearl St, Houston"
245,Liam Rodriguez,8239,23,Other,"861 Maple Ave, Los Angeles"
246,Emma Davis,4994,25,Male,"730 Main St, New York"
247,Sophia Rodriguez,1422,19,Other,"147 Main St, Los Angeles"
248,Noah Davis,6692,20,Other,"341 Elm St, Houston"
249,John Davis,6338,24,Other,"255 Broadway, New York"
